taxon_group,type,taxon_id,rank,species_id,species_wikipedia_url,species_iconic_taxon_name,species_common_name,species,species_photo_url,species_photo_attribution,species_photo_license_code,kingdom_id,kingdom_wikipedia_url,kingdom_iconic_taxon_name,kingdom_common_name,kingdom,kingdom_photo_url,kingdom_photo_attribution,kingdom_photo_license_code,phylum_id,phylum_wikipedia_url,phylum_iconic_taxon_name,phylum_common_name,phylum,phylum_photo_url,phylum_photo_attribution,phylum_photo_license_code,class_id,class_wikipedia_url,class_iconic_taxon_name,class_common_name,class,class_photo_url,class_photo_attribution,class_photo_license_code,order_id,order_wikipedia_url,order_iconic_taxon_name,order_common_name,order,order_photo_url,order_photo_attribution,order_photo_license_code,family_id,family_wikipedia_url,family_iconic_taxon_name,family_common_name,family,family_photo_url,family_photo_attribution,family_photo_license_code,genus_id,genus_wikipedia_url,genus_iconic_taxon_name,genus_common_name,genus,genus_photo_url,genus_photo_attribution,genus_photo_license_code,ancestor_ids,parent_id,common_name,iconic_taxon_name,scientific_name,image_url,user_login,subspecies_id,subspecies_wikipedia_url,subspecies_iconic_taxon_name,subspecies_common_name,subspecies,subspecies_photo_url,subspecies_photo_attribution,subspecies_photo_license_code,taxon_ids,scientific_names,common_names
Birds,Park/Natural Area Species,1409,species,1409,http://en.wikipedia.org/wiki/California_quail,Aves,California Quail,Callipepla californica,https://inaturalist-open-data.s3.amazonaws.com/photos/11856236/medium.jpeg,"(c) Anne Parsons, some rights reserved (CC BY-NC)",cc-by-nc,1,http://en.wikipedia.org/wiki/Animal,Animalia,Animals,Animalia,https://inaturalist-open-data.s3.amazonaws.com/photos/80678745/medium.jpg,no rights reserved,cc0,2,http://en.wikipedia.org/wiki/Chordate,Animalia,Chordates,Chordata,https://inaturalist-open-data.s3.amazonaws.com/photos/80551845/medium.jpg,keine Rechte vorbehalten,cc0,3,http://en.wikipedia.org/wiki/Bird,Aves,Birds,Aves,https://inaturalist-open-data.s3.amazonaws.com/photos/222/medium.jpg,"(c) Kenny P., some rights reserved (CC BY-NC)",cc-by-nc,573,http://en.wikipedia.org/wiki/Galliformes,Aves,Landfowl,Galliformes,https://inaturalist-open-data.s3.amazonaws.com/photos/6319/medium.jpg,"(c) Oliver Rivo, some rights reserved (CC BY-NC-SA)",cc-by-nc-sa,1278,http://en.wikipedia.org/wiki/New_World_quail,Aves,New World Quails,Odontophoridae,https://inaturalist-open-data.s3.amazonaws.com/photos/7589/medium.jpg,"(c) Len Blumin, some rights reserved (CC BY-NC-ND)",cc-by-nc-nd,1405,http://en.wikipedia.org/wiki/Callipepla,Aves,Crested Quails,Callipepla,https://inaturalist-open-data.s3.amazonaws.com/photos/7590/medium.jpg,"(c) Blake Matheson, some rights reserved (CC BY-NC)",cc-by-nc,"48460,1,2,355675,3,573,1278,1405",1405,California Quail,Aves,Callipepla californica,https://inaturalist-open-data.s3.amazonaws.com/photos/11856236/medium.jpeg,"(c) Anne Parsons, some rights reserved (CC BY-NC)",,,,,,,,,1|2|3|573|1278|1405|1409,Animalia|Chordata|Aves|Galliformes|Odontophoridae|Callipepla|Callipepla californica,Animals|Chordates|Birds|Landfowl|New World Quails|Crested Quails|California Quail
Birds,Park/Natural Area Species,1986,species,1986,http://en.wikipedia.org/wiki/Greater_roadrunner,Aves,Greater Roadrunner,Geococcyx californianus,https://static.inaturalist.org/photos/30952802/medium.jpg,"(c) Kim Moore, alle Rechte vorbehalten",,1,http://en.wikipedia.org/wiki/Animal,Animalia,Animals,Animalia,https://inaturalist-open-data.s3.amazonaws.com/photos/80678745/medium.jpg,no rights reserved,cc0,2,http://en.wikipedia.org/wiki/Chordate,Animalia,Chordates,Chordata,https://inaturalist-open-data.s3.amazonaws.com/photos/80551845/medium.jpg,keine Rechte vorbehalten,cc0,3,http://en.wikipedia.org/wiki/Bird,Aves,Birds,Aves,https://inaturalist-open-data.s3.amazonaws.com/photos/222/medium.jpg,"(c) Kenny P., some rights reserved (CC BY-NC)",cc-by-nc,1623,http://en.wikipedia.org/wiki/Cuckoo,Aves,Cuckoos,Cuculiformes,https://inaturalist-open-data.s3.amazonaws.com/photos/48654018/medium.jpg,"(c) Andrew Allen, some rights reserved (CC BY)",cc-by,1627,http://en.wikipedia.org/wiki/Cuckoo,Aves,Cuckoos,Cuculidae,https://inaturalist-open-data.s3.amazonaws.com/photos/17293295/medium.jpeg,"(c) NHMLA Community Science Program, einige Rechte vorbehalten (CC BY-NC)",cc-by-nc,1985,http://en.wikipedia.org/wiki/Roadrunner,Aves,Roadrunners,Geococcyx,https://inaturalist-open-data.s3.amazonaws.com/photos/5786/medium.jpg,"(c) Nick Chill, some rights reserved (CC BY-NC-ND)",cc-by-nc-nd,"48460,1,2,355675,3,1623,1627,1985",1985,Greater Roadrunner,Aves,Geococcyx californianus,https://static.inaturalist.org/photos/30952802/medium.jpg,"(c) Kim Moore, alle Rechte vorbehalten",,,,,,,,,1|2|3|1623|1627|1985|1986,Animalia|Chordata|Aves|Cuculiformes|Cuculidae|Geococcyx|Geococcyx californianus,Animals|Chordates|Birds|Cuckoos|Cuckoos|Roadrunners|Greater Roadrunner
Birds,Stream/Riparian Species,4956,species,4956,http://en.wikipedia.org/wiki/Great_blue_heron,Aves,Great Blue Heron,Ardea herodias,https://inaturalist-open-data.s3.amazonaws.com/photos/65060931/medium.jpg,"(c) Dan Roach, some rights reserved (CC BY-NC)",cc-by-nc,1,http://en.wikipedia.org/wiki/Animal,Animalia,Animals,Animalia,https://inaturalist-open-data.s3.amazonaws.com/photos/80678745/medium.jpg,no rights reserved,cc0,2,http://en.wikipedia.org/wiki/Chordate,Animalia,Chordates,Chordata,https://inaturalist-open-data.s3.amazonaws.com/photos/80551845/medium.jpg,keine Rechte vorbehalten,cc0,3,http://en.wikipedia.org/wiki/Bird,Aves,Birds,Aves,https://inaturalist-open-data.s3.amazonaws.com/photos/222/medium.jpg,"(c) Kenny P., some rights reserved (CC BY-NC)",cc-by-nc,67566,http://en.wikipedia.org/wiki/Pelecaniformes,Aves,"Pelicans, Herons, Ibises, and Allies",Pelecaniformes,https://inaturalist-open-data.s3.amazonaws.com/photos/31611188/medium.jpeg,"(c) Isaac Lord, some rights reserved (CC BY-NC)",cc-by-nc,4929,http://en.wikipedia.org/wiki/Heron,Aves,"Herons, Egrets, and Bitterns",Ardeidae,https://inaturalist-open-data.s3.amazonaws.com/photos/1286/medium.jpg,"(c) Mike Baird, algunos derechos reservados (CC BY)",cc-by,4950,http://en.wikipedia.org/wiki/Ardea_(genus),Aves,Great Herons,Ardea,https://static.inaturalist.org/photos/19212062/medium.jpg,"(c) dgimler, all rights reserved",,"48460,1,2,355675,3,67566,4929,597395,4950",4950,Great Blue Heron,Aves,Ardea herodias,https://inaturalist-open-data.s3.amazonaws.com/photos/65060931/medium.jpg,"(c) Dan Roach, some rights reserved (CC BY-NC)",,,,,,,,,1|2|3|67566|4929|4950|4956,Animalia|Chordata|Aves|Pelecaniformes|Ardeidae|Ardea|Ardea herodias,"Animals|Chordates|Birds|Pelicans, Herons, Ibises, and Allies|Herons, Egrets, and Bitterns|Great Herons|Great Blue Heron"
Birds,Neighborhood Species,5212,species,5212,https://en.wikipedia.org/wiki/Red-tailed_hawk,Aves,Red-tailed Hawk,Buteo jamaicensis,https://inaturalist-open-data.s3.amazonaws.com/photos/101327658/medium.jpg,"(c) Craig K. Hunt, some rights reserved (CC BY-NC-ND)",cc-by-nc-nd,1,http://en.wikipedia.org/wiki/Animal,Animalia,Animals,Animalia,https://inaturalist-open-data.s3.amazonaws.com/photos/80678745/medium.jpg,no rights reserved,cc0,2,http://en.wikipedia.org/wiki/Chordate,Animalia,Chordates,Chordata,https://inaturalist-open-data.s3.amazonaws.com/photos/80551845/medium.jpg,keine Rechte vorbehalten,cc0,3,http://en.wikipedia.org/wiki/Bird,Aves,Birds,Aves,https://inaturalist-open-data.s3.amazonaws.com/photos/222/medium.jpg,"(c) Kenny P., some rights reserved (CC BY-NC)",cc-by-nc,71261,http://en.wikipedia.org/wiki/Accipitriformes,Aves,"Hawks, Eagles, Kites, and Allies",Accipitriformes,https://inaturalist-open-data.s3.amazonaws.com/photos/9972001/medium.jpg,"(c) Jacob Spinks, some rights reserved (CC BY)",cc-by,5067,http://en.wikipedia.org/wiki/Accipitridae,Aves,"Hawks, Eagles, and Kites",Accipitridae,https://inaturalist-open-data.s3.amazonaws.com/photos/12120585/medium.jpg,"(c) kjohnston406, some rights reserved (CC BY-NC)",cc-by-nc,5179,http://en.wikipedia.org/wiki/Buteo,Aves,Buteos,Buteo,https://inaturalist-open-data.s3.amazonaws.com/photos/18687405/medium.jpg,"(c) Greg Lasley, some rights reserved (CC BY-NC)",cc-by-nc,"48460,1,2,355675,3,71261,5067,5179",5179,Red-tailed Hawk,Aves,Buteo jamaicensis,https://inaturalist-open-data.s3.amazonaws.com/photos/101327658/medium.jpg,"(c) Craig K. Hunt, some rights reserved (CC BY-NC-ND)",,,,,,,,,1|2|3|71261|5067|5179|5212,Animalia|Chordata|Aves|Accipitriformes|Accipitridae|Buteo|Buteo jamaicensis,"Animals|Chordates|Birds|Hawks, Eagles, Kites, and Allies|Hawks, Eagles, and Kites|Buteos|Red-tailed Hawk"
Birds,Stream/Riparian Species,7109,species,7109,https://en.wikipedia.org/wiki/Hooded_merganser,Aves,Hooded Merganser,Lophodytes cucullatus,https://inaturalist-open-data.s3.amazonaws.com/photos/13682638/medium.jpg,"(c) Ashley M Bradford, einige Rechte vorbehalten (CC BY-NC)",cc-by-nc,1,http://en.wikipedia.org/wiki/Animal,Animalia,Animals,Animalia,https://inaturalist-open-data.s3.amazonaws.com/photos/80678745/medium.jpg,no rights reserved,cc0,2,http://en.wikipedia.org/wiki/Chordate,Animalia,Chordates,Chordata,https://inaturalist-open-data.s3.amazonaws.com/photos/80551845/medium.jpg,keine Rechte vorbehalten,cc0,3,http://en.wikipedia.org/wiki/Bird,Aves,Birds,Aves,https://inaturalist-open-data.s3.amazonaws.com/photos/222/medium.jpg,"(c) Kenny P., some rights reserved (CC BY-NC)",cc-by-nc,6888,http://en.wikipedia.org/wiki/Anseriformes,Aves,Waterfowl,Anseriformes,https://inaturalist-open-data.s3.amazonaws.com/photos/13132516/medium.jpg,"(c) Francis C. Franklin, algunos derechos reservados (CC BY-SA)",cc-by-sa,6912,http://en.wikipedia.org/wiki/Anatidae,Aves,"Ducks, Geese, and Swans",Anatidae,https://inaturalist-open-data.s3.amazonaws.com/photos/13366520/medium.jpg,"(c) Jason Headley, some rights reserved (CC BY-NC)",cc-by-nc,7108,http://en.wikipedia.org/wiki/Hooded_merganser,Aves,,Lophodytes,https://inaturalist-open-data.s3.amazonaws.com/photos/1202/medium.jpg,"(c) Steve Voght, some rights reserved (CC BY-SA)",cc-by-sa,"48460,1,2,355675,3,6888,6912,7108",7108,Hooded Merganser,Aves,Lophodytes cucullatus,https://inaturalist-open-data.s3.amazonaws.com/photos/13682638/medium.jpg,"(c) Ashley M Bradford, einige Rechte vorbehalten (CC BY-NC)",,,,,,,,,1|2|3|6888|6912|7108|7109,Animalia|Chordata|Aves|Anseriformes|Anatidae|Lophodytes|Lophodytes cucullatus,"Animals|Chordates|Birds|Waterfowl|Ducks, Geese, and Swans||Hooded Merganser"
Birds,Park/Natural Area Species,7464,species,7464,http://en.wikipedia.org/wiki/Canyon_wren,Aves,Canyon Wren,Catherpes mexicanus,https://static.inaturalist.org/photos/717723/medium.jpg,"(c) J. N. Stuart, alle Rechte vorbehalten, uploaded by James N. Stuart",,1,http://en.wikipedia.org/wiki/Animal,Animalia,Animals,Animalia,https://inaturalist-open-data.s3.amazonaws.com/photos/80678745/medium.jpg,no rights reserved,cc0,2,http://en.wikipedia.org/wiki/Chordate,Animalia,Chordates,Chordata,https://inaturalist-open-data.s3.amazonaws.com/photos/80551845/medium.jpg,keine Rechte vorbehalten,cc0,3,http://en.wikipedia.org/wiki/Bird,Aves,Birds,Aves,https://inaturalist-open-data.s3.amazonaws.com/photos/222/medium.jpg,"(c) Kenny P., some rights reserved (CC BY-NC)",cc-by-nc,7251,http://en.wikipedia.org/wiki/Passerine,Aves,Perching Birds,Passeriformes,https://inaturalist-open-data.s3.amazonaws.com/photos/13159622/medium.jpg,"(c) Mark Watson, some rights reserved (CC BY-NC-ND)",cc-by-nc-nd,15964,http://en.wikipedia.org/wiki/Wren,Aves,Wrens,Troglodytidae,https://inaturalist-open-data.s3.amazonaws.com/photos/5904/medium.jpg,"(c) Gerwin Filius, einige Rechte vorbehalten (CC BY-NC-ND)",cc-by-nc-nd,7463,http://en.wikipedia.org/wiki/Canyon_wren,Aves,,Catherpes,https://inaturalist-open-data.s3.amazonaws.com/photos/1719/medium.jpg,"(c) Pablo LÃ¨autaud, some rights reserved (CC BY-NC-ND), uploaded by Pablo Leautaud",cc-by-nc-nd,"48460,1,2,355675,3,7251,15964,7463",7463,Canyon Wren,Aves,Catherpes mexicanus,https://static.inaturalist.org/photos/717723/medium.jpg,"(c) J. N. Stuart, alle Rechte vorbehalten, uploaded by James N. Stuart",,,,,,,,,1|2|3|7251|15964|7463|7464,Animalia|Chordata|Aves|Passeriformes|Troglodytidae|Catherpes|Catherpes mexicanus,Animals|Chordates|Birds|Perching Birds|Wrens||Canyon Wren
Birds,Park/Natural Area Species,9420,species,9420,http://en.wikipedia.org/wiki/Spotted_towhee,Aves,Spotted Towhee,Pipilo maculatus,https://static.inaturalist.org/photos/67714398/medium.jpg,"(c) Mason Maron, all rights reserved",,1,http://en.wikipedia.org/wiki/Animal,Animalia,Animals,Animalia,https://inaturalist-open-data.s3.amazonaws.com/photos/80678745/medium.jpg,no rights reserved,cc0,2,http://en.wikipedia.org/wiki/Chordate,Animalia,Chordates,Chordata,https://inaturalist-open-data.s3.amazonaws.com/photos/80551845/medium.jpg,keine Rechte vorbehalten,cc0,3,http://en.wikipedia.org/wiki/Bird,Aves,Birds,Aves,https://inaturalist-open-data.s3.amazonaws.com/photos/222/medium.jpg,"(c) Kenny P., some rights reserved (CC BY-NC)",cc-by-nc,7251,http://en.wikipedia.org/wiki/Passerine,Aves,Perching Birds,Passeriformes,https://inaturalist-open-data.s3.amazonaws.com/photos/13159622/medium.jpg,"(c) Mark Watson, some rights reserved (CC BY-NC-ND)",cc-by-nc-nd,559248,http://en.wikipedia.org/wiki/Passerellidae,Aves,New World Sparrows,Passerellidae,https://inaturalist-open-data.s3.amazonaws.com/photos/6881522/medium.jpg,"(c) Greg Lasley, some rights reserved (CC BY-NC)",cc-by-nc,9405,http://en.wikipedia.org/wiki/Pipilo,Aves,Typical Towhees,Pipilo,https://static.inaturalist.org/photos/114596523/medium.jpg,"(c) Juan Miguel Artigas Azas, all rights reserved",,"48460,1,2,355675,3,7251,559248,9405",9405,Spotted Towhee,Aves,Pipilo maculatus,https://static.inaturalist.org/photos/67714398/medium.jpg,"(c) Mason Maron, all rights reserved",,,,,,,,,1|2|3|7251|559248|9405|9420,Animalia|Chordata|Aves|Passeriformes|Passerellidae|Pipilo|Pipilo maculatus,Animals|Chordates|Birds|Perching Birds|New World Sparrows|Typical Towhees|Spotted Towhee
Birds,Park/Natural Area Species,9535,species,9535,http://en.wikipedia.org/wiki/Western_meadowlark,Aves,Western Meadowlark,Sturnella neglecta,https://inaturalist-open-data.s3.amazonaws.com/photos/219249/medium.jpg,"(c) greglasley, some rights reserved (CC BY-NC), uploaded by Greg Lasley",cc-by-nc,1,http://en.wikipedia.org/wiki/Animal,Animalia,Animals,Animalia,https://inaturalist-open-data.s3.amazonaws.com/photos/80678745/medium.jpg,no rights reserved,cc0,2,http://en.wikipedia.org/wiki/Chordate,Animalia,Chordates,Chordata,https://inaturalist-open-data.s3.amazonaws.com/photos/80551845/medium.jpg,keine Rechte vorbehalten,cc0,3,http://en.wikipedia.org/wiki/Bird,Aves,Birds,Aves,https://inaturalist-open-data.s3.amazonaws.com/photos/222/medium.jpg,"(c) Kenny P., some rights reserved (CC BY-NC)",cc-by-nc,7251,http://en.wikipedia.org/wiki/Passerine,Aves,Perching Birds,Passeriformes,https://inaturalist-open-data.s3.amazonaws.com/photos/13159622/medium.jpg,"(c) Mark Watson, some rights reserved (CC BY-NC-ND)",cc-by-nc-nd,11989,http://en.wikipedia.org/wiki/Icterid,Aves,New World Blackbirds and Orioles,Icteridae,https://inaturalist-open-data.s3.amazonaws.com/photos/69769/medium.jpg,"(c) Geoff Gallice, some rights reserved (CC BY)",cc-by,9526,http://en.wikipedia.org/wiki/Meadowlark,Aves,Eastern and Western Meadowlarks,Sturnella,https://inaturalist-open-data.s3.amazonaws.com/photos/790016/medium.jpg,"(c) Steve Berardi, some rights reserved (CC BY-NC-SA)",cc-by-nc-sa,"48460,1,2,355675,3,7251,11989,9526",9526,Western Meadowlark,Aves,Sturnella neglecta,https://inaturalist-open-data.s3.amazonaws.com/photos/219249/medium.jpg,"(c) greglasley, some rights reserved (CC BY-NC), uploaded by Greg Lasley",,,,,,,,,1|2|3|7251|11989|9526|9535,Animalia|Chordata|Aves|Passeriformes|Icteridae|Sturnella|Sturnella neglecta,Animals|Chordates|Birds|Perching Birds|New World Blackbirds and Orioles|Eastern and Western Meadowlarks|Western Meadowlark
Birds,Stream/Riparian Species,9744,species,9744,http://en.wikipedia.org/wiki/Red-winged_blackbird,Aves,Red-winged Blackbird,Agelaius phoeniceus,https://inaturalist-open-data.s3.amazonaws.com/photos/6919532/medium.jpg,"(c) Kent C. Jensen, some rights reserved (CC BY-NC)",cc-by-nc,1,http://en.wikipedia.org/wiki/Animal,Animalia,Animals,Animalia,https://inaturalist-open-data.s3.amazonaws.com/photos/80678745/medium.jpg,no rights reserved,cc0,2,http://en.wikipedia.org/wiki/Chordate,Animalia,Chordates,Chordata,https://inaturalist-open-data.s3.amazonaws.com/photos/80551845/medium.jpg,keine Rechte vorbehalten,cc0,3,http://en.wikipedia.org/wiki/Bird,Aves,Birds,Aves,https://inaturalist-open-data.s3.amazonaws.com/photos/222/medium.jpg,"(c) Kenny P., some rights reserved (CC BY-NC)",cc-by-nc,7251,http://en.wikipedia.org/wiki/Passerine,Aves,Perching Birds,Passeriformes,https://inaturalist-open-data.s3.amazonaws.com/photos/13159622/medium.jpg,"(c) Mark Watson, some rights reserved (CC BY-NC-ND)",cc-by-nc-nd,11989,http://en.wikipedia.org/wiki/Icterid,Aves,New World Blackbirds and Orioles,Icteridae,https://inaturalist-open-data.s3.amazonaws.com/photos/69769/medium.jpg,"(c) Geoff Gallice, some rights reserved (CC BY)",cc-by,9740,http://en.wikipedia.org/wiki/Agelaius,Aves,Agelaius Blackbirds,Agelaius,https://inaturalist-open-data.s3.amazonaws.com/photos/28027/medium.jpg,"(c) Jamie Chavez, einige Rechte vorbehalten (CC BY-NC)",cc-by-nc,"48460,1,2,355675,3,7251,11989,9740",9740,Red-winged Blackbird,Aves,Agelaius phoeniceus,https://inaturalist-open-data.s3.amazonaws.com/photos/6919532/medium.jpg,"(c) Kent C. Jensen, some rights reserved (CC BY-NC)",,,,,,,,,1|2|3|7251|11989|9740|9744,Animalia|Chordata|Aves|Passeriformes|Icteridae|Agelaius|Agelaius phoeniceus,Animals|Chordates|Birds|Perching Birds|New World Blackbirds and Orioles|Agelaius Blackbirds|Red-winged Blackbird
Birds,Neighborhood Species,12937,species,12937,http://en.wikipedia.org/wiki/Western_bluebird,Aves,Western Bluebird,Sialia mexicana,https://inaturalist-open-data.s3.amazonaws.com/photos/2048/medium.jpg,"(c) Jamie Chavez, some rights reserved (CC BY-NC)",cc-by-nc,1,http://en.wikipedia.org/wiki/Animal,Animalia,Animals,Animalia,https://inaturalist-open-data.s3.amazonaws.com/photos/80678745/medium.jpg,no rights reserved,cc0,2,http://en.wikipedia.org/wiki/Chordate,Animalia,Chordates,Chordata,https://inaturalist-open-data.s3.amazonaws.com/photos/80551845/medium.jpg,keine Rechte vorbehalten,cc0,3,http://en.wikipedia.org/wiki/Bird,Aves,Birds,Aves,https://inaturalist-open-data.s3.amazonaws.com/photos/222/medium.jpg,"(c) Kenny P., some rights reserved (CC BY-NC)",cc-by-nc,7251,http://en.wikipedia.org/wiki/Passerine,Aves,Perching Birds,Passeriformes,https://inaturalist-open-data.s3.amazonaws.com/photos/13159622/medium.jpg,"(c) Mark Watson, some rights reserved (CC BY-NC-ND)",cc-by-nc-nd,15977,http://en.wikipedia.org/wiki/Thrush_(bird),Aves,Thrushes,Turdidae,https://inaturalist-open-data.s3.amazonaws.com/photos/1799195/medium.jpg,"(c) Rushen, some rights reserved (CC BY-NC)",cc-by-nc,12935,http://en.wikipedia.org/wiki/Bluebird,Aves,Bluebirds,Sialia,https://inaturalist-open-data.s3.amazonaws.com/photos/98990/medium.jpg,"(c) Bill Bouton, some rights reserved (CC BY-SA)",cc-by-sa,"48460,1,2,355675,3,7251,15977,12935",12935,Western Bluebird,Aves,Sialia mexicana,https://inaturalist-open-data.s3.amazonaws.com/photos/2048/medium.jpg,"(c) Jamie Chavez, some rights reserved (CC BY-NC)",,,,,,,,,1|2|3|7251|15977|12935|12937,Animalia|Chordata|Aves|Passeriformes|Turdidae|Sialia|Sialia mexicana,Animals|Chordates|Birds|Perching Birds|Thrushes|Bluebirds|Western Bluebird
Birds,Neighborhood Species,18209,species,18209,http://en.wikipedia.org/wiki/Acorn_woodpecker,Aves,Acorn Woodpecker,Melanerpes formicivorus,https://inaturalist-open-data.s3.amazonaws.com/photos/3085/medium.jpg,"(c) Dmitry Mozzherin, einige Rechte vorbehalten (CC BY-NC-SA)",cc-by-nc-sa,1,http://en.wikipedia.org/wiki/Animal,Animalia,Animals,Animalia,https://inaturalist-open-data.s3.amazonaws.com/photos/80678745/medium.jpg,no rights reserved,cc0,2,http://en.wikipedia.org/wiki/Chordate,Animalia,Chordates,Chordata,https://inaturalist-open-data.s3.amazonaws.com/photos/80551845/medium.jpg,keine Rechte vorbehalten,cc0,3,http://en.wikipedia.org/wiki/Bird,Aves,Birds,Aves,https://inaturalist-open-data.s3.amazonaws.com/photos/222/medium.jpg,"(c) Kenny P., some rights reserved (CC BY-NC)",cc-by-nc,17550,http://en.wikipedia.org/wiki/Piciformes,Aves,"Woodpeckers, Barbets, and Allies",Piciformes,https://inaturalist-open-data.s3.amazonaws.com/photos/3085/medium.jpg,"(c) Dmitry Mozzherin, some rights reserved (CC BY-NC-SA)",cc-by-nc-sa,17599,http://en.wikipedia.org/wiki/Woodpecker,Aves,Woodpeckers,Picidae,https://inaturalist-open-data.s3.amazonaws.com/photos/2966131/medium.jpg,"(c) Greg Lasley, einige Rechte vorbehalten (CC BY-NC)",cc-by-nc,18158,http://en.wikipedia.org/wiki/Melanerpes,Aves,Melanerpes Woodpeckers,Melanerpes,https://inaturalist-open-data.s3.amazonaws.com/photos/650854/medium.jpg,"(c) Eric Isley, some rights reserved (CC BY-NC)",cc-by-nc,"48460,1,2,355675,3,17550,17599,18158",18158,Acorn Woodpecker,Aves,Melanerpes formicivorus,https://inaturalist-open-data.s3.amazonaws.com/photos/3085/medium.jpg,"(c) Dmitry Mozzherin, einige Rechte vorbehalten (CC BY-NC-SA)",,,,,,,,,1|2|3|17550|17599|18158|18209,Animalia|Chordata|Aves|Piciformes|Picidae|Melanerpes|Melanerpes formicivorus,"Animals|Chordates|Birds|Woodpeckers, Barbets, and Allies|Woodpeckers|Melanerpes Woodpeckers|Acorn Woodpecker"
Birds,Park/Natural Area Species,20044,species,20044,http://en.wikipedia.org/wiki/Great_horned_owl,Aves,Great Horned Owl,Bubo virginianus,https://inaturalist-open-data.s3.amazonaws.com/photos/14549085/medium.jpg,"(c) Paul G. Johnson, some rights reserved (CC BY-NC-SA)",cc-by-nc-sa,1,http://en.wikipedia.org/wiki/Animal,Animalia,Animals,Animalia,https://inaturalist-open-data.s3.amazonaws.com/photos/80678745/medium.jpg,no rights reserved,cc0,2,http://en.wikipedia.org/wiki/Chordate,Animalia,Chordates,Chordata,https://inaturalist-open-data.s3.amazonaws.com/photos/80551845/medium.jpg,keine Rechte vorbehalten,cc0,3,http://en.wikipedia.org/wiki/Bird,Aves,Birds,Aves,https://inaturalist-open-data.s3.amazonaws.com/photos/222/medium.jpg,"(c) Kenny P., some rights reserved (CC BY-NC)",cc-by-nc,19350,http://en.wikipedia.org/wiki/Owl,Aves,Owls,Strigiformes,https://inaturalist-open-data.s3.amazonaws.com/photos/5642/medium.jpg,"(c) Vearl Brown, some rights reserved (CC BY-NC)",cc-by-nc,19728,http://en.wikipedia.org/wiki/True_owl,Aves,Typical Owls,Strigidae,https://inaturalist-open-data.s3.amazonaws.com/photos/22450048/medium.jpg,"(c) Peter Thompson, some rights reserved (CC BY-NC)",cc-by-nc,20034,http://en.wikipedia.org/wiki/Horned_owl,Aves,Eagle-Owls and Horned Owls,Bubo,https://inaturalist-open-data.s3.amazonaws.com/photos/35240981/medium.jpg,"(c) Jeff Skrentny, some rights reserved (CC BY-NC)",cc-by-nc,"48460,1,2,355675,3,19350,19728,20034",20034,Great Horned Owl,Aves,Bubo virginianus,https://inaturalist-open-data.s3.amazonaws.com/photos/14549085/medium.jpg,"(c) Paul G. Johnson, some rights reserved (CC BY-NC-SA)",,,,,,,,,1|2|3|19350|19728|20034|20044,Animalia|Chordata|Aves|Strigiformes|Strigidae|Bubo|Bubo virginianus,Animals|Chordates|Birds|Owls|Typical Owls|Eagle-Owls and Horned Owls|Great Horned Owl
Amphibians,Stream/Riparian Species,27474,species,27474,http://en.wikipedia.org/wiki/Black-bellied_slender_salamander,Amphibia,Black-bellied Slender Salamander,Batrachoseps nigriventris,https://inaturalist-open-data.s3.amazonaws.com/photos/5315605/medium.jpg,"(c) Marshal Hedin, some rights reserved (CC BY-NC-SA)",cc-by-nc-sa,1,http://en.wikipedia.org/wiki/Animal,Animalia,Animals,Animalia,https://inaturalist-open-data.s3.amazonaws.com/photos/80678745/medium.jpg,no rights reserved,cc0,2,http://en.wikipedia.org/wiki/Chordate,Animalia,Chordates,Chordata,https://inaturalist-open-data.s3.amazonaws.com/photos/80551845/medium.jpg,keine Rechte vorbehalten,cc0,20978,http://en.wikipedia.org/wiki/Amphibian,Amphibia,Amphibians,Amphibia,https://static.inaturalist.org/photos/20797296/medium.jpg,"(c) Andrés Mauricio Forero Cano, all rights reserved",,26718,http://en.wikipedia.org/wiki/Caudata,Amphibia,Salamanders,Caudata,https://static.inaturalist.org/photos/27436795/medium.jpg,"(c) Henk Wallays, all rights reserved",,26909,http://en.wikipedia.org/wiki/Lungless_salamander,Amphibia,Lungless Salamanders,Plethodontidae,https://inaturalist-open-data.s3.amazonaws.com/photos/13031788/medium.jpg,"(c) Marshal Hedin, some rights reserved (CC BY-NC-SA)",cc-by-nc-sa,27444,http://en.wikipedia.org/wiki/Slender_salamander,Amphibia,Slender Salamanders,Batrachoseps,https://inaturalist-open-data.s3.amazonaws.com/photos/13031788/medium.jpg,"(c) Marshal Hedin, some rights reserved (CC BY-NC-SA)",cc-by-nc-sa,"48460,1,2,355675,20978,26718,26909,787564,27444",27444,Black-bellied Slender Salamander,Amphibia,Batrachoseps nigriventris,https://inaturalist-open-data.s3.amazonaws.com/photos/5315605/medium.jpg,"(c) Marshal Hedin, some rights reserved (CC BY-NC-SA)",,,,,,,,,1|2|20978|26718|26909|27444|27474,Animalia|Chordata|Amphibia|Caudata|Plethodontidae|Batrachoseps|Batrachoseps nigriventris,Animals|Chordates|Amphibians|Salamanders|Lungless Salamanders|Slender Salamanders|Black-bellied Slender Salamander
Reptiles,Park/Natural Area Species,29044,species,29044,http://en.wikipedia.org/wiki/Pituophis_catenifer,Reptilia,Gopher Snake,Pituophis catenifer,https://static.inaturalist.org/photos/25245319/medium.jpeg,"(c) matthew gruen, all rights reserved",,1,http://en.wikipedia.org/wiki/Animal,Animalia,Animals,Animalia,https://inaturalist-open-data.s3.amazonaws.com/photos/80678745/medium.jpg,no rights reserved,cc0,2,http://en.wikipedia.org/wiki/Chordate,Animalia,Chordates,Chordata,https://inaturalist-open-data.s3.amazonaws.com/photos/80551845/medium.jpg,keine Rechte vorbehalten,cc0,26036,http://en.wikipedia.org/wiki/Reptile,Reptilia,Reptiles,Reptilia,https://inaturalist-open-data.s3.amazonaws.com/photos/107523624/medium.jpg,"(c) Tyrone Ping, some rights reserved (CC BY-NC)",cc-by-nc,26172,http://en.wikipedia.org/wiki/Squamata,Reptilia,Snakes and Lizards,Squamata,https://static.inaturalist.org/photos/42093156/medium.jpg,"(c) Laurent Hesemans, alle Rechte vorbehalten",,26504,http://en.wikipedia.org/wiki/Colubridae,Reptilia,Colubrid Snakes,Colubridae,https://inaturalist-open-data.s3.amazonaws.com/photos/1813733/medium.jpg,"(c) caesar, some rights reserved (CC BY-NC), uploaded by Dr Caesar Sengupta",cc-by-nc,29033,http://en.wikipedia.org/wiki/Pituophis,Reptilia,"Pine, Gopher, and Bullsnakes",Pituophis,https://inaturalist-open-data.s3.amazonaws.com/photos/35472/medium.jpg,"(c) Michael Utin, some rights reserved (CC BY-NC-ND)",cc-by-nc-nd,"48460,1,2,355675,26036,26172,85553,26504,797520,29033",29033,Gopher Snake,Reptilia,Pituophis catenifer,https://static.inaturalist.org/photos/25245319/medium.jpeg,"(c) matthew gruen, all rights reserved",,,,,,,,,1|2|26036|26172|26504|29033|29044,Animalia|Chordata|Reptilia|Squamata|Colubridae|Pituophis|Pituophis catenifer,"Animals|Chordates|Reptiles|Snakes and Lizards|Colubrid Snakes|Pine, Gopher, and Bullsnakes|Gopher Snake"
Reptiles,Park/Natural Area Species,36094,species,36094,http://en.wikipedia.org/wiki/Common_side-blotched_lizard,Reptilia,Common Side-blotched Lizard,Uta stansburiana,https://inaturalist-open-data.s3.amazonaws.com/photos/6972589/medium.jpg,"(c) David Kaposi, some rights reserved (CC BY-NC)",cc-by-nc,1,http://en.wikipedia.org/wiki/Animal,Animalia,Animals,Animalia,https://inaturalist-open-data.s3.amazonaws.com/photos/80678745/medium.jpg,no rights reserved,cc0,2,http://en.wikipedia.org/wiki/Chordate,Animalia,Chordates,Chordata,https://inaturalist-open-data.s3.amazonaws.com/photos/80551845/medium.jpg,keine Rechte vorbehalten,cc0,26036,http://en.wikipedia.org/wiki/Reptile,Reptilia,Reptiles,Reptilia,https://inaturalist-open-data.s3.amazonaws.com/photos/107523624/medium.jpg,"(c) Tyrone Ping, some rights reserved (CC BY-NC)",cc-by-nc,26172,http://en.wikipedia.org/wiki/Squamata,Reptilia,Snakes and Lizards,Squamata,https://static.inaturalist.org/photos/42093156/medium.jpg,"(c) Laurent Hesemans, alle Rechte vorbehalten",,36074,http://en.wikipedia.org/wiki/Phrynosomatinae,Reptilia,Phrynosomatid Lizards,Phrynosomatidae,https://inaturalist-open-data.s3.amazonaws.com/photos/5807556/medium.jpg,"(c) mabat5, some rights reserved (CC BY-NC)",cc-by-nc,36090,http://en.wikipedia.org/wiki/Side-blotched_lizard,Reptilia,Side-blotched lizards,Uta,https://inaturalist-open-data.s3.amazonaws.com/photos/2255/medium.jpg,"(c) J. N. Stuart, some rights reserved (CC BY-NC-ND)",cc-by-nc-nd,"48460,1,2,355675,26036,26172,85552,36074,797562,36090",36090,Common Side-blotched Lizard,Reptilia,Uta stansburiana,https://inaturalist-open-data.s3.amazonaws.com/photos/6972589/medium.jpg,"(c) David Kaposi, some rights reserved (CC BY-NC)",,,,,,,,,1|2|26036|26172|36074|36090|36094,Animalia|Chordata|Reptilia|Squamata|Phrynosomatidae|Uta|Uta stansburiana,Animals|Chordates|Reptiles|Snakes and Lizards|Phrynosomatid Lizards|Side-blotched lizards|Common Side-blotched Lizard
Mammals,Park/Natural Area Species,41976,species,41976,http://en.wikipedia.org/wiki/Bobcat,Mammalia,Bobcat,Lynx rufus,https://inaturalist-open-data.s3.amazonaws.com/photos/172418947/medium.jpg,"(c) dbarronoss, some rights reserved (CC BY-NC-ND)",cc-by-nc-nd,1,http://en.wikipedia.org/wiki/Animal,Animalia,Animals,Animalia,https://inaturalist-open-data.s3.amazonaws.com/photos/80678745/medium.jpg,no rights reserved,cc0,2,http://en.wikipedia.org/wiki/Chordate,Animalia,Chordates,Chordata,https://inaturalist-open-data.s3.amazonaws.com/photos/80551845/medium.jpg,keine Rechte vorbehalten,cc0,40151,http://en.wikipedia.org/wiki/Mammal,Mammalia,Mammals,Mammalia,https://inaturalist-open-data.s3.amazonaws.com/photos/80551250/medium.jpg,no rights reserved,cc0,41573,http://en.wikipedia.org/wiki/Carnivora,Mammalia,Carnivorans,Carnivora,https://inaturalist-open-data.s3.amazonaws.com/photos/11354784/medium.jpg,"(c) samuelrodgers752, some rights reserved (CC BY)",cc-by,41944,http://en.wikipedia.org/wiki/Felidae,Mammalia,Felids,Felidae,https://inaturalist-open-data.s3.amazonaws.com/photos/6121587/medium.jpg,"(c) Jeffrey Rolinc, einige Rechte vorbehalten (CC BY-NC-ND)",cc-by-nc-nd,41973,http://en.wikipedia.org/wiki/Lynx,Mammalia,Lynxes,Lynx,https://inaturalist-open-data.s3.amazonaws.com/photos/57880307/medium.jpg,"(c) David Govatski, some rights reserved (CC BY-NC)",cc-by-nc,"48460,1,2,355675,40151,848317,848320,848324,41573,41944,846179,41973",41973,Bobcat,Mammalia,Lynx rufus,https://inaturalist-open-data.s3.amazonaws.com/photos/172418947/medium.jpg,"(c) dbarronoss, some rights reserved (CC BY-NC-ND)",,,,,,,,,1|2|40151|41573|41944|41973|41976,Animalia|Chordata|Mammalia|Carnivora|Felidae|Lynx|Lynx rufus,Animals|Chordates|Mammals|Carnivorans|Felids|Lynxes|Bobcat
Mammals,Park/Natural Area Species,42076,species,42076,http://en.wikipedia.org/wiki/Gray_fox,Mammalia,Gray Fox,Urocyon cinereoargenteus,https://static.inaturalist.org/photos/30476334/medium.jpg,"(c) Don Owens, some rights reserved (CC BY)",cc-by,1,http://en.wikipedia.org/wiki/Animal,Animalia,Animals,Animalia,https://inaturalist-open-data.s3.amazonaws.com/photos/80678745/medium.jpg,no rights reserved,cc0,2,http://en.wikipedia.org/wiki/Chordate,Animalia,Chordates,Chordata,https://inaturalist-open-data.s3.amazonaws.com/photos/80551845/medium.jpg,keine Rechte vorbehalten,cc0,40151,http://en.wikipedia.org/wiki/Mammal,Mammalia,Mammals,Mammalia,https://inaturalist-open-data.s3.amazonaws.com/photos/80551250/medium.jpg,no rights reserved,cc0,41573,http://en.wikipedia.org/wiki/Carnivora,Mammalia,Carnivorans,Carnivora,https://inaturalist-open-data.s3.amazonaws.com/photos/11354784/medium.jpg,"(c) samuelrodgers752, some rights reserved (CC BY)",cc-by,42043,http://en.wikipedia.org/wiki/Canidae,Mammalia,Canids,Canidae,https://static.inaturalist.org/photos/31629587/medium.jpg,"(c) USFWS Endangered Species, some rights reserved (CC BY)",cc-by,42075,http://en.wikipedia.org/wiki/Urocyon,Mammalia,Gray Foxes,Urocyon,https://inaturalist-open-data.s3.amazonaws.com/photos/66450742/medium.jpeg,"(c) Adam Searcy, some rights reserved (CC BY-NC)",cc-by-nc,"48460,1,2,355675,40151,848317,848320,848324,41573,42043,42075",42075,Gray Fox,Mammalia,Urocyon cinereoargenteus,https://static.inaturalist.org/photos/30476334/medium.jpg,"(c) Don Owens, some rights reserved (CC BY)",,,,,,,,,1|2|40151|41573|42043|42075|42076,Animalia|Chordata|Mammalia|Carnivora|Canidae|Urocyon|Urocyon cinereoargenteus,Animals|Chordates|Mammals|Carnivorans|Canids|Gray Foxes|Gray Fox
Mammals,Park/Natural Area Species,42220,species,42220,http://en.wikipedia.org/wiki/Mule_deer,Mammalia,Mule Deer,Odocoileus hemionus,https://inaturalist-open-data.s3.amazonaws.com/photos/11191186/medium.jpg,"(c) woodleywonderworks, some rights reserved (CC BY)",cc-by,1,http://en.wikipedia.org/wiki/Animal,Animalia,Animals,Animalia,https://inaturalist-open-data.s3.amazonaws.com/photos/80678745/medium.jpg,no rights reserved,cc0,2,http://en.wikipedia.org/wiki/Chordate,Animalia,Chordates,Chordata,https://inaturalist-open-data.s3.amazonaws.com/photos/80551845/medium.jpg,keine Rechte vorbehalten,cc0,40151,http://en.wikipedia.org/wiki/Mammal,Mammalia,Mammals,Mammalia,https://inaturalist-open-data.s3.amazonaws.com/photos/80551250/medium.jpg,no rights reserved,cc0,152870,http://en.wikipedia.org/wiki/Even-toed_ungulate,Mammalia,Even-toed Ungulates and Cetaceans,Artiodactyla,https://inaturalist-open-data.s3.amazonaws.com/photos/19090139/medium.jpeg,"(c) Graeme Shannon (Colorado State University), einige Rechte vorbehalten (CC BY)",cc-by,42158,http://en.wikipedia.org/wiki/Deer,Mammalia,Deer,Cervidae,https://static.inaturalist.org/photos/11328680/medium.jpg,"(c) David W. Boston, all rights reserved",,42219,http://en.wikipedia.org/wiki/Odocoileus,Mammalia,White-tailed and Mule Deer,Odocoileus,https://static.inaturalist.org/photos/11328568/medium.jpg,"(c) David W. Boston, all rights reserved",,"48460,1,2,355675,40151,848317,848320,848324,152870,424850,42158,846185,846324,42219",42219,Mule Deer,Mammalia,Odocoileus hemionus,https://inaturalist-open-data.s3.amazonaws.com/photos/11191186/medium.jpg,"(c) woodleywonderworks, some rights reserved (CC BY)",,,,,,,,,1|2|40151|152870|42158|42219|42220,Animalia|Chordata|Mammalia|Artiodactyla|Cervidae|Odocoileus|Odocoileus hemionus,Animals|Chordates|Mammals|Even-toed Ungulates and Cetaceans|Deer|White-tailed and Mule Deer|Mule Deer
Mammals,Park/Natural Area Species,44749,species,44749,http://en.wikipedia.org/wiki/Dusky-footed_woodrat,Mammalia,Dusky-footed Woodrat,Neotoma fuscipes,https://inaturalist-open-data.s3.amazonaws.com/photos/3866812/medium.jpg,"Peterson B Moose, U.S. Fish and Wildlife Service, no known copyright restrictions (public domain)",pd,1,http://en.wikipedia.org/wiki/Animal,Animalia,Animals,Animalia,https://inaturalist-open-data.s3.amazonaws.com/photos/80678745/medium.jpg,no rights reserved,cc0,2,http://en.wikipedia.org/wiki/Chordate,Animalia,Chordates,Chordata,https://inaturalist-open-data.s3.amazonaws.com/photos/80551845/medium.jpg,keine Rechte vorbehalten,cc0,40151,http://en.wikipedia.org/wiki/Mammal,Mammalia,Mammals,Mammalia,https://inaturalist-open-data.s3.amazonaws.com/photos/80551250/medium.jpg,no rights reserved,cc0,43698,http://en.wikipedia.org/wiki/Rodent,Mammalia,Rodents,Rodentia,https://inaturalist-open-data.s3.amazonaws.com/photos/24165841/medium.jpg,"(c) Nikolai Vladimirov, some rights reserved (CC BY-NC)",cc-by-nc,55986,https://en.wikipedia.org/wiki/Cricetidae,Mammalia,"Hamsters, Voles, Lemmings, and Allies",Cricetidae,https://static.inaturalist.org/photos/23471795/medium.jpg,"(c) Emily Marie Ahtúnan, all rights reserved",,44737,http://en.wikipedia.org/wiki/Pack_rat,Mammalia,Woodrats,Neotoma,https://inaturalist-open-data.s3.amazonaws.com/photos/178872/medium.jpg,"(c) sohzendeh, some rights reserved (CC BY-NC-SA), uploaded by Soheil Zendeh",cc-by-nc-sa,"48460,1,2,355675,40151,848317,848320,848323,43698,870778,488924,55986,325776,735166,44737",44737,Dusky-footed Woodrat,Mammalia,Neotoma fuscipes,https://inaturalist-open-data.s3.amazonaws.com/photos/3866812/medium.jpg,"Peterson B Moose, U.S. Fish and Wildlife Service, no known copyright restrictions (public domain)",,,,,,,,,1|2|40151|43698|55986|44737|44749,Animalia|Chordata|Mammalia|Rodentia|Cricetidae|Neotoma|Neotoma fuscipes,"Animals|Chordates|Mammals|Rodents|Hamsters, Voles, Lemmings, and Allies|Woodrats|Dusky-footed Woodrat"
Invertebrates,Park/Natural Area Species,48511,family,,,,,,,,,1,http://en.wikipedia.org/wiki/Animal,Animalia,Animals,Animalia,https://inaturalist-open-data.s3.amazonaws.com/photos/80678745/medium.jpg,no rights reserved,cc0,47120,http://en.wikipedia.org/wiki/Arthropod,Animalia,Arthropods,Arthropoda,https://inaturalist-open-data.s3.amazonaws.com/photos/19061166/medium.jpg,"(c) fiatlux, some rights reserved (CC BY-NC-SA)",cc-by-nc-sa,47158,http://en.wikipedia.org/wiki/Insect,Insecta,Insects,Insecta,https://static.inaturalist.org/photos/3510880/medium.jpg,"(c) José Manuel Carreón Silva, all rights reserved",,47201,http://en.wikipedia.org/wiki/Hymenoptera,Insecta,"Ants, Bees, Wasps, and Sawflies",Hymenoptera,https://inaturalist-open-data.s3.amazonaws.com/photos/3572553/medium.jpg,"(c) Noel Pennington, some rights reserved (CC BY-NC)",cc-by-nc,48511,http://en.wikipedia.org/wiki/Mutillidae,Insecta,Velvet Ants,Mutillidae,https://static.inaturalist.org/photos/107822038/medium.jpg,"(c) Andreas Kay, some rights reserved (CC BY-NC-SA)",cc-by-nc-sa,,,,,,,,,"48460,1,47120,372739,47158,184884,47201,124417,326777,1269342",1269342,Velvet Ants,Insecta,Mutillidae,https://static.inaturalist.org/photos/107822038/medium.jpg,"(c) Andreas Kay, some rights reserved (CC BY-NC-SA)",,,,,,,,,,,
Invertebrates,Neighborhood Species,48662,species,48662,http://en.wikipedia.org/wiki/Monarch_butterfly,Insecta,Monarch,Danaus plexippus,https://inaturalist-open-data.s3.amazonaws.com/photos/13824507/medium.jpg,"(c) fam-esquivel, some rights reserved (CC BY-NC)",cc-by-nc,1,http://en.wikipedia.org/wiki/Animal,Animalia,Animals,Animalia,https://inaturalist-open-data.s3.amazonaws.com/photos/80678745/medium.jpg,no rights reserved,cc0,47120,http://en.wikipedia.org/wiki/Arthropod,Animalia,Arthropods,Arthropoda,https://inaturalist-open-data.s3.amazonaws.com/photos/19061166/medium.jpg,"(c) fiatlux, some rights reserved (CC BY-NC-SA)",cc-by-nc-sa,47158,http://en.wikipedia.org/wiki/Insect,Insecta,Insects,Insecta,https://static.inaturalist.org/photos/3510880/medium.jpg,"(c) José Manuel Carreón Silva, all rights reserved",,47157,http://en.wikipedia.org/wiki/Lepidoptera,Insecta,Butterflies and Moths,Lepidoptera,https://inaturalist-open-data.s3.amazonaws.com/photos/36127/medium.jpg,"(c) Anita, some rights reserved (CC BY-NC)",cc-by-nc,47922,http://en.wikipedia.org/wiki/Nymphalidae,Insecta,Brush-footed Butterflies,Nymphalidae,https://static.inaturalist.org/photos/11779160/medium.jpeg,"(c) Joseph C, all rights reserved",,48663,http://en.wikipedia.org/wiki/Danaus_(genus),Insecta,Tiger Milkweed Butterflies,Danaus,https://inaturalist-open-data.s3.amazonaws.com/photos/6568/medium.jpg,"(c) Tarique Sani, some rights reserved (CC BY-NC-SA)",cc-by-nc-sa,"48460,1,47120,372739,47158,184884,47157,47224,47922,61244,134169,522900,48663",48663,Monarch,Insecta,Danaus plexippus,https://inaturalist-open-data.s3.amazonaws.com/photos/13824507/medium.jpg,"(c) fam-esquivel, some rights reserved (CC BY-NC)",,,,,,,,,1|47120|47158|47157|47922|48663|48662,Animalia|Arthropoda|Insecta|Lepidoptera|Nymphalidae|Danaus|Danaus plexippus,Animals|Arthropods|Insects|Butterflies and Moths|Brush-footed Butterflies|Tiger Milkweed Butterflies|Monarch
Invertebrates,Park/Natural Area Species,50880,species,50880,http://en.wikipedia.org/wiki/Lorquin's_admiral,Insecta,Lorquin's Admiral,Limenitis lorquini,https://static.inaturalist.org/photos/77233288/medium.jpeg,"(c) Juan Carlos Argáez Mejía, all rights reserved",,1,http://en.wikipedia.org/wiki/Animal,Animalia,Animals,Animalia,https://inaturalist-open-data.s3.amazonaws.com/photos/80678745/medium.jpg,no rights reserved,cc0,47120,http://en.wikipedia.org/wiki/Arthropod,Animalia,Arthropods,Arthropoda,https://inaturalist-open-data.s3.amazonaws.com/photos/19061166/medium.jpg,"(c) fiatlux, some rights reserved (CC BY-NC-SA)",cc-by-nc-sa,47158,http://en.wikipedia.org/wiki/Insect,Insecta,Insects,Insecta,https://static.inaturalist.org/photos/3510880/medium.jpg,"(c) José Manuel Carreón Silva, all rights reserved",,47157,http://en.wikipedia.org/wiki/Lepidoptera,Insecta,Butterflies and Moths,Lepidoptera,https://inaturalist-open-data.s3.amazonaws.com/photos/36127/medium.jpg,"(c) Anita, some rights reserved (CC BY-NC)",cc-by-nc,47922,http://en.wikipedia.org/wiki/Nymphalidae,Insecta,Brush-footed Butterflies,Nymphalidae,https://static.inaturalist.org/photos/11779160/medium.jpeg,"(c) Joseph C, all rights reserved",,50881,http://en.wikipedia.org/wiki/Limenitis,Insecta,,Limenitis,https://static.inaturalist.org/photos/76049491/medium.jpg,"(c) Andrew Reding, einige Rechte vorbehalten (CC BY-NC-ND)",cc-by-nc-nd,"48460,1,47120,372739,47158,184884,47157,47224,47922,134171,134175,50881",50881,Lorquin's Admiral,Insecta,Limenitis lorquini,https://static.inaturalist.org/photos/77233288/medium.jpeg,"(c) Juan Carlos Argáez Mejía, all rights reserved",,,,,,,,,1|47120|47158|47157|47922|50881|50880,Animalia|Arthropoda|Insecta|Lepidoptera|Nymphalidae|Limenitis|Limenitis lorquini,Animals|Arthropods|Insects|Butterflies and Moths|Brush-footed Butterflies||Lorquin's Admiral
Invertebrates,Neighborhood Species,52775,genus,,,,,,,,,1,http://en.wikipedia.org/wiki/Animal,Animalia,Animals,Animalia,https://inaturalist-open-data.s3.amazonaws.com/photos/80678745/medium.jpg,no rights reserved,cc0,47120,http://en.wikipedia.org/wiki/Arthropod,Animalia,Arthropods,Arthropoda,https://inaturalist-open-data.s3.amazonaws.com/photos/19061166/medium.jpg,"(c) fiatlux, some rights reserved (CC BY-NC-SA)",cc-by-nc-sa,47158,http://en.wikipedia.org/wiki/Insect,Insecta,Insects,Insecta,https://static.inaturalist.org/photos/3510880/medium.jpg,"(c) José Manuel Carreón Silva, all rights reserved",,47201,http://en.wikipedia.org/wiki/Hymenoptera,Insecta,"Ants, Bees, Wasps, and Sawflies",Hymenoptera,https://inaturalist-open-data.s3.amazonaws.com/photos/3572553/medium.jpg,"(c) Noel Pennington, some rights reserved (CC BY-NC)",cc-by-nc,47221,http://en.wikipedia.org/wiki/Apidae,Insecta,"Honey Bees, Bumble Bees, and Allies",Apidae,https://static.inaturalist.org/photos/2369526/medium.jpg,"(c) gacotno, all rights reserved, uploaded by Georges-Alexandre Cotnoir",,52775,http://en.wikipedia.org/wiki/Bumblebee,Insecta,Bumble Bees,Bombus,https://inaturalist-open-data.s3.amazonaws.com/photos/6812/medium.jpg,"(c) sankax, some rights reserved (CC BY-NC)",cc-by-nc,"48460,1,47120,372739,47158,184884,47201,124417,326777,47222,630955,47221,199939,538883",538883,Bumble Bees,Insecta,Bombus,https://inaturalist-open-data.s3.amazonaws.com/photos/6812/medium.jpg,"(c) sankax, some rights reserved (CC BY-NC)",,,,,,,,,,,
Plants,Park/Natural Area Species,53405,species,53405,https://en.wikipedia.org/wiki/Heteromeles,Plantae,Toyon,Heteromeles arbutifolia,https://inaturalist-open-data.s3.amazonaws.com/photos/2900086/medium.jpg,"(c) Debbie Ballentine, some rights reserved (CC BY-ND)",cc-by-nd,47126,http://en.wikipedia.org/wiki/Plant,Plantae,plants,Plantae,https://static.inaturalist.org/photos/73850536/medium.jpg,"(c) United Soybean Board, algunos derechos reservados (CC BY)",cc-by,211194,http://en.wikipedia.org/wiki/Vascular_plant,Plantae,vascular plants,Tracheophyta,https://inaturalist-open-data.s3.amazonaws.com/photos/2676090/medium.jpg,"(c) John Rusk, some rights reserved (CC BY-NC-SA)",cc-by-nc-sa,47124,http://en.wikipedia.org/wiki/Magnoliopsida,Plantae,dicots,Magnoliopsida,https://static.inaturalist.org/photos/10307058/medium.jpg,"(c) KC Kasem, alle Rechte vorbehalten",,47132,http://en.wikipedia.org/wiki/Rosales,Plantae,"roses, elms, figs, and allies",Rosales,https://inaturalist-open-data.s3.amazonaws.com/photos/11763754/medium.jpg,"(c) Dominicus Johannes Bergsma, some rights reserved (CC BY-SA)",cc-by-sa,47148,http://en.wikipedia.org/wiki/Rosaceae,Plantae,rose family,Rosaceae,https://inaturalist-open-data.s3.amazonaws.com/photos/2066379/medium.JPG,"(c) Beate &amp; Heinz Beyerlein, some rights reserved (CC BY-NC)",cc-by-nc,53408,http://en.wikipedia.org/wiki/Heteromeles,Plantae,,Heteromeles,https://inaturalist-open-data.s3.amazonaws.com/photos/5378/medium.jpg,"(c) Jerry Kirkhart, some rights reserved (CC BY)",cc-by,"48460,47126,211194,47125,47124,47132,47148,922110,723302,53408",53408,Toyon,Plantae,Heteromeles arbutifolia,https://inaturalist-open-data.s3.amazonaws.com/photos/2900086/medium.jpg,"(c) Debbie Ballentine, some rights reserved (CC BY-ND)",,,,,,,,,47126|211194|47124|47132|47148|53408|53405,Plantae|Tracheophyta|Magnoliopsida|Rosales|Rosaceae|Heteromeles|Heteromeles arbutifolia,"plants|vascular plants|dicots|roses, elms, figs, and allies|rose family||Toyon"
Plants,Park/Natural Area Species,53437,species,53437,http://en.wikipedia.org/wiki/Rosa_californica,Plantae,California Wild Rose,Rosa californica,https://inaturalist-open-data.s3.amazonaws.com/photos/26169244/medium.jpg,"(c) Wintertanager, some rights reserved (CC BY-SA)",cc-by-sa,47126,http://en.wikipedia.org/wiki/Plant,Plantae,plants,Plantae,https://static.inaturalist.org/photos/73850536/medium.jpg,"(c) United Soybean Board, algunos derechos reservados (CC BY)",cc-by,211194,http://en.wikipedia.org/wiki/Vascular_plant,Plantae,vascular plants,Tracheophyta,https://inaturalist-open-data.s3.amazonaws.com/photos/2676090/medium.jpg,"(c) John Rusk, some rights reserved (CC BY-NC-SA)",cc-by-nc-sa,47124,http://en.wikipedia.org/wiki/Magnoliopsida,Plantae,dicots,Magnoliopsida,https://static.inaturalist.org/photos/10307058/medium.jpg,"(c) KC Kasem, alle Rechte vorbehalten",,47132,http://en.wikipedia.org/wiki/Rosales,Plantae,"roses, elms, figs, and allies",Rosales,https://inaturalist-open-data.s3.amazonaws.com/photos/11763754/medium.jpg,"(c) Dominicus Johannes Bergsma, some rights reserved (CC BY-SA)",cc-by-sa,47148,http://en.wikipedia.org/wiki/Rosaceae,Plantae,rose family,Rosaceae,https://inaturalist-open-data.s3.amazonaws.com/photos/2066379/medium.JPG,"(c) Beate &amp; Heinz Beyerlein, some rights reserved (CC BY-NC)",cc-by-nc,53438,http://en.wikipedia.org/wiki/Rose,Plantae,roses,Rosa,https://inaturalist-open-data.s3.amazonaws.com/photos/43901474/medium.jpeg,"(c) Mathieu Massaviol, some rights reserved (CC BY-NC-ND)",cc-by-nc-nd,"48460,47126,211194,47125,47124,47132,47148,415343,922173,53438",53438,California Wild Rose,Plantae,Rosa californica,https://inaturalist-open-data.s3.amazonaws.com/photos/26169244/medium.jpg,"(c) Wintertanager, some rights reserved (CC BY-SA)",,,,,,,,,47126|211194|47124|47132|47148|53438|53437,Plantae|Tracheophyta|Magnoliopsida|Rosales|Rosaceae|Rosa|Rosa californica,"plants|vascular plants|dicots|roses, elms, figs, and allies|rose family|roses|California Wild Rose"
Invertebrates,Park/Natural Area Species,59124,species,59124,http://en.wikipedia.org/wiki/Anthocharis_sara,Insecta,Sara Orangetip,Anthocharis sara,https://inaturalist-open-data.s3.amazonaws.com/photos/64677558/medium.jpg,"(c) Donna Pomeroy, algunos derechos reservados (CC BY-NC)",cc-by-nc,1,http://en.wikipedia.org/wiki/Animal,Animalia,Animals,Animalia,https://inaturalist-open-data.s3.amazonaws.com/photos/80678745/medium.jpg,no rights reserved,cc0,47120,http://en.wikipedia.org/wiki/Arthropod,Animalia,Arthropods,Arthropoda,https://inaturalist-open-data.s3.amazonaws.com/photos/19061166/medium.jpg,"(c) fiatlux, some rights reserved (CC BY-NC-SA)",cc-by-nc-sa,47158,http://en.wikipedia.org/wiki/Insect,Insecta,Insects,Insecta,https://static.inaturalist.org/photos/3510880/medium.jpg,"(c) José Manuel Carreón Silva, all rights reserved",,47157,http://en.wikipedia.org/wiki/Lepidoptera,Insecta,Butterflies and Moths,Lepidoptera,https://inaturalist-open-data.s3.amazonaws.com/photos/36127/medium.jpg,"(c) Anita, some rights reserved (CC BY-NC)",cc-by-nc,48508,http://en.wikipedia.org/wiki/Pieridae,Insecta,"Whites, Yellows, and Sulphurs",Pieridae,https://inaturalist-open-data.s3.amazonaws.com/photos/5718380/medium.jpeg,"(c) Victor W Fazio III, some rights reserved (CC BY-NC)",cc-by-nc,51498,http://en.wikipedia.org/wiki/Anthocharis,Insecta,Orangetips,Anthocharis,https://inaturalist-open-data.s3.amazonaws.com/photos/64677558/medium.jpg,"(c) Donna Pomeroy, some rights reserved (CC BY-NC)",cc-by-nc,"48460,1,47120,372739,47158,184884,47157,47224,48508,209720,321383,51498,1267519",1267519,Sara Orangetip,Insecta,Anthocharis sara,https://inaturalist-open-data.s3.amazonaws.com/photos/64677558/medium.jpg,"(c) Donna Pomeroy, algunos derechos reservados (CC BY-NC)",,,,,,,,,1|47120|47158|47157|48508|51498|59124,Animalia|Arthropoda|Insecta|Lepidoptera|Pieridae|Anthocharis|Anthocharis sara,"Animals|Arthropods|Insects|Butterflies and Moths|Whites, Yellows, and Sulphurs|Orangetips|Sara Orangetip"
Amphibians,Stream/Riparian Species,64970,species,64970,http://en.wikipedia.org/wiki/Western_toad,Amphibia,Western Toad,Anaxyrus boreas,https://inaturalist-open-data.s3.amazonaws.com/photos/72867/medium.jpg,"(c) J. N. Stuart, some rights reserved (CC BY-NC-ND)",cc-by-nc-nd,1,http://en.wikipedia.org/wiki/Animal,Animalia,Animals,Animalia,https://inaturalist-open-data.s3.amazonaws.com/photos/80678745/medium.jpg,no rights reserved,cc0,2,http://en.wikipedia.org/wiki/Chordate,Animalia,Chordates,Chordata,https://inaturalist-open-data.s3.amazonaws.com/photos/80551845/medium.jpg,keine Rechte vorbehalten,cc0,20978,http://en.wikipedia.org/wiki/Amphibian,Amphibia,Amphibians,Amphibia,https://static.inaturalist.org/photos/20797296/medium.jpg,"(c) Andrés Mauricio Forero Cano, all rights reserved",,20979,http://en.wikipedia.org/wiki/Frog,Amphibia,Frogs and Toads,Anura,https://inaturalist-open-data.s3.amazonaws.com/photos/2261717/medium.jpg,"(c) Jonathan Kolby, some rights reserved (CC BY-NC-ND)",cc-by-nc-nd,21359,http://en.wikipedia.org/wiki/True_toad,Amphibia,True Toads,Bufonidae,https://inaturalist-open-data.s3.amazonaws.com/photos/53722492/medium.jpg,"(c) Courtney Hundermark, some rights reserved (CC BY-NC)",cc-by-nc,64747,http://en.wikipedia.org/wiki/Anaxyrus,Amphibia,North American Toads,Anaxyrus,https://inaturalist-open-data.s3.amazonaws.com/photos/14443240/medium.jpg,"(c) Josh Vandermeulen, some rights reserved (CC BY-NC-ND)",cc-by-nc-nd,"48460,1,2,355675,20978,20979,21359,64747",64747,Western Toad,Amphibia,Anaxyrus boreas,https://inaturalist-open-data.s3.amazonaws.com/photos/72867/medium.jpg,"(c) J. N. Stuart, some rights reserved (CC BY-NC-ND)",,,,,,,,,1|2|20978|20979|21359|64747|64970,Animalia|Chordata|Amphibia|Anura|Bufonidae|Anaxyrus|Anaxyrus boreas,Animals|Chordates|Amphibians|Frogs and Toads|True Toads|North American Toads|Western Toad
Invertebrates,Park/Natural Area Species,69114,genus,,,,,,,,,1,http://en.wikipedia.org/wiki/Animal,Animalia,Animals,Animalia,https://inaturalist-open-data.s3.amazonaws.com/photos/80678745/medium.jpg,no rights reserved,cc0,47120,http://en.wikipedia.org/wiki/Arthropod,Animalia,Arthropods,Arthropoda,https://inaturalist-open-data.s3.amazonaws.com/photos/19061166/medium.jpg,"(c) fiatlux, some rights reserved (CC BY-NC-SA)",cc-by-nc-sa,47158,http://en.wikipedia.org/wiki/Insect,Insecta,Insects,Insecta,https://static.inaturalist.org/photos/3510880/medium.jpg,"(c) José Manuel Carreón Silva, all rights reserved",,47201,http://en.wikipedia.org/wiki/Hymenoptera,Insecta,"Ants, Bees, Wasps, and Sawflies",Hymenoptera,https://inaturalist-open-data.s3.amazonaws.com/photos/3572553/medium.jpg,"(c) Noel Pennington, some rights reserved (CC BY-NC)",cc-by-nc,47336,http://en.wikipedia.org/wiki/Ant,Insecta,Ants,Formicidae,https://inaturalist-open-data.s3.amazonaws.com/photos/28024766/medium.jpg,"(c) Gerónimo Martín Alonso, some rights reserved (CC BY-NC-ND)",cc-by-nc-nd,69114,http://en.wikipedia.org/wiki/Pogonomyrmex,Insecta,Harvester Ants,Pogonomyrmex,https://static.inaturalist.org/photos/68517501/medium.jpg,"(c) Clarence Holmes, todos los derechos reservados",,"48460,1,47120,372739,47158,184884,47201,124417,326777,1269340,47336,69143,469104",469104,Harvester Ants,Insecta,Pogonomyrmex,https://static.inaturalist.org/photos/68517501/medium.jpg,"(c) Clarence Holmes, todos los derechos reservados",,,,,,,,,,,
Reptiles,Stream/Riparian Species,73592,species,73592,http://en.wikipedia.org/wiki/Western_pond_turtle,Reptilia,Western Pond Turtle,Actinemys marmorata,https://inaturalist-open-data.s3.amazonaws.com/photos/147298825/medium.jpeg,"(c) Justin Garwood, algunos derechos reservados (CC BY-NC)",cc-by-nc,1,http://en.wikipedia.org/wiki/Animal,Animalia,Animals,Animalia,https://inaturalist-open-data.s3.amazonaws.com/photos/80678745/medium.jpg,no rights reserved,cc0,2,http://en.wikipedia.org/wiki/Chordate,Animalia,Chordates,Chordata,https://inaturalist-open-data.s3.amazonaws.com/photos/80551845/medium.jpg,keine Rechte vorbehalten,cc0,26036,http://en.wikipedia.org/wiki/Reptile,Reptilia,Reptiles,Reptilia,https://inaturalist-open-data.s3.amazonaws.com/photos/107523624/medium.jpg,"(c) Tyrone Ping, some rights reserved (CC BY-NC)",cc-by-nc,39532,http://en.wikipedia.org/wiki/Turtle,Reptilia,Turtles and Tortoises,Testudines,https://inaturalist-open-data.s3.amazonaws.com/photos/48987498/medium.jpeg,"(c) Richard Coldiron, einige Rechte vorbehalten (CC BY-NC)",cc-by-nc,39760,http://en.wikipedia.org/wiki/Emydidae,Reptilia,Pond and Box Turtles,Emydidae,https://inaturalist-open-data.s3.amazonaws.com/photos/48987498/medium.jpeg,"(c) Richard Coldiron, einige Rechte vorbehalten (CC BY-NC)",cc-by-nc,71788,http://en.wikipedia.org/wiki/Western_pond_turtle,Reptilia,,Actinemys,https://inaturalist-open-data.s3.amazonaws.com/photos/1661/medium.jpg,"(c) Alan Wolf, algunos derechos reservados (CC BY-NC-SA)",cc-by-nc-sa,"48460,1,2,355675,26036,39532,39760,797516,71788",71788,Western Pond Turtle,Reptilia,Actinemys marmorata,https://inaturalist-open-data.s3.amazonaws.com/photos/147298825/medium.jpeg,"(c) Justin Garwood, algunos derechos reservados (CC BY-NC)",,,,,,,,,1|2|26036|39532|39760|71788|73592,Animalia|Chordata|Reptilia|Testudines|Emydidae|Actinemys|Actinemys marmorata,Animals|Chordates|Reptiles|Turtles and Tortoises|Pond and Box Turtles||Western Pond Turtle
Invertebrates,Park/Natural Area Species,86400,genus,,,,,,,,,1,http://en.wikipedia.org/wiki/Animal,Animalia,Animals,Animalia,https://inaturalist-open-data.s3.amazonaws.com/photos/80678745/medium.jpg,no rights reserved,cc0,47120,http://en.wikipedia.org/wiki/Arthropod,Animalia,Arthropods,Arthropoda,https://inaturalist-open-data.s3.amazonaws.com/photos/19061166/medium.jpg,"(c) fiatlux, some rights reserved (CC BY-NC-SA)",cc-by-nc-sa,47158,http://en.wikipedia.org/wiki/Insect,Insecta,Insects,Insecta,https://static.inaturalist.org/photos/3510880/medium.jpg,"(c) José Manuel Carreón Silva, all rights reserved",,47651,http://en.wikipedia.org/wiki/Orthoptera,Insecta,"Grasshoppers, Crickets, and Katydids",Orthoptera,https://inaturalist-open-data.s3.amazonaws.com/photos/27467003/medium.jpg,"(c) Vlad Proklov, some rights reserved (CC BY-NC)",cc-by-nc,53897,http://en.wikipedia.org/wiki/Stenopelmatidae,Insecta,Jerusalem Crickets,Stenopelmatidae,https://inaturalist-open-data.s3.amazonaws.com/photos/9261/medium.jpg,"(c) Franco Folini, some rights reserved (CC BY)",cc-by,86400,http://en.wikipedia.org/wiki/Ammopelmatus,Insecta,North American Jerusalem Crickets,Ammopelmatus,https://static.inaturalist.org/photos/29900841/medium.jpg,"(c) Alice Abela, all rights reserved",,"48460,1,47120,372739,47158,184884,47651,132694,488701,53896,53897,345039,1228213",1228213,North American Jerusalem Crickets,Insecta,Ammopelmatus,https://static.inaturalist.org/photos/29900841/medium.jpg,"(c) Alice Abela, all rights reserved",,,,,,,,,,,
Invertebrates,Park/Natural Area Species,119068,species,119068,,Insecta,Behr's Metalmark,Apodemia virgulti,https://inaturalist-open-data.s3.amazonaws.com/photos/90583/medium.jpg,"(c) Bill Bouton, some rights reserved (CC BY-SA)",cc-by-sa,1,http://en.wikipedia.org/wiki/Animal,Animalia,Animals,Animalia,https://inaturalist-open-data.s3.amazonaws.com/photos/80678745/medium.jpg,no rights reserved,cc0,47120,http://en.wikipedia.org/wiki/Arthropod,Animalia,Arthropods,Arthropoda,https://inaturalist-open-data.s3.amazonaws.com/photos/19061166/medium.jpg,"(c) fiatlux, some rights reserved (CC BY-NC-SA)",cc-by-nc-sa,47158,http://en.wikipedia.org/wiki/Insect,Insecta,Insects,Insecta,https://static.inaturalist.org/photos/3510880/medium.jpg,"(c) José Manuel Carreón Silva, all rights reserved",,47157,http://en.wikipedia.org/wiki/Lepidoptera,Insecta,Butterflies and Moths,Lepidoptera,https://inaturalist-open-data.s3.amazonaws.com/photos/36127/medium.jpg,"(c) Anita, some rights reserved (CC BY-NC)",cc-by-nc,59166,http://en.wikipedia.org/wiki/Riodinidae,Insecta,Metalmark Butterflies,Riodinidae,https://inaturalist-open-data.s3.amazonaws.com/photos/56814097/medium.jpg,"(c) Karl Kroeker, some rights reserved (CC BY-NC)",cc-by-nc,59167,http://en.wikipedia.org/wiki/Apodemia,Insecta,,Apodemia,https://inaturalist-open-data.s3.amazonaws.com/photos/2403348/medium.jpg,"(c) djparisi, some rights reserved (CC BY-NC), uploaded by djparisi",cc-by-nc,"48460,1,47120,372739,47158,184884,47157,47224,59166,522808,784971,59167,1144329",1144329,Behr's Metalmark,Insecta,Apodemia virgulti,https://inaturalist-open-data.s3.amazonaws.com/photos/90583/medium.jpg,"(c) Bill Bouton, some rights reserved (CC BY-SA)",,,,,,,,,1|47120|47158|47157|59166|59167|119068,Animalia|Arthropoda|Insecta|Lepidoptera|Riodinidae|Apodemia|Apodemia virgulti,Animals|Arthropods|Insects|Butterflies and Moths|Metalmark Butterflies||Behr's Metalmark
Amphibians,Stream/Riparian Species,120719,species,120719,http://en.wikipedia.org/wiki/Baja_California_chorus_frog,Amphibia,Baja California Tree Frog,Pseudacris hypochondriaca,https://inaturalist-open-data.s3.amazonaws.com/photos/6675404/medium.jpeg,"(c) Jorge H. Valdez, some rights reserved (CC BY-NC)",cc-by-nc,1,http://en.wikipedia.org/wiki/Animal,Animalia,Animals,Animalia,https://inaturalist-open-data.s3.amazonaws.com/photos/80678745/medium.jpg,no rights reserved,cc0,2,http://en.wikipedia.org/wiki/Chordate,Animalia,Chordates,Chordata,https://inaturalist-open-data.s3.amazonaws.com/photos/80551845/medium.jpg,keine Rechte vorbehalten,cc0,20978,http://en.wikipedia.org/wiki/Amphibian,Amphibia,Amphibians,Amphibia,https://static.inaturalist.org/photos/20797296/medium.jpg,"(c) Andrés Mauricio Forero Cano, all rights reserved",,20979,http://en.wikipedia.org/wiki/Frog,Amphibia,Frogs and Toads,Anura,https://inaturalist-open-data.s3.amazonaws.com/photos/2261717/medium.jpg,"(c) Jonathan Kolby, some rights reserved (CC BY-NC-ND)",cc-by-nc-nd,23540,http://en.wikipedia.org/wiki/Hylidae,Amphibia,Tree Frogs and Allies,Hylidae,https://static.inaturalist.org/photos/646307/medium.jpg,"(c) Ryan Lynch, all rights reserved, uploaded by Ryan L. Lynch",,24253,http://en.wikipedia.org/wiki/Chorus_frog,Amphibia,Chorus Frogs,Pseudacris,https://static.inaturalist.org/photos/79606/medium.jpg,"(c) naturalist54, all rights reserved, uploaded by Jeromi Hefner",,"48460,1,2,355675,20978,20979,23540,787552,24253",24253,Baja California Tree Frog,Amphibia,Pseudacris hypochondriaca,https://inaturalist-open-data.s3.amazonaws.com/photos/6675404/medium.jpeg,"(c) Jorge H. Valdez, some rights reserved (CC BY-NC)",,,,,,,,,1|2|20978|20979|23540|24253|120719,Animalia|Chordata|Amphibia|Anura|Hylidae|Pseudacris|Pseudacris hypochondriaca,Animals|Chordates|Amphibians|Frogs and Toads|Tree Frogs and Allies|Chorus Frogs|Baja California Tree Frog
Reptiles,Park/Natural Area Species,146199,species,146199,http://en.wikipedia.org/wiki/California_kingsnake,Reptilia,California King Snake,Lampropeltis californiae,https://static.inaturalist.org/photos/34882050/medium.jpg,"(c) Prakrit Jain, all rights reserved",,1,http://en.wikipedia.org/wiki/Animal,Animalia,Animals,Animalia,https://inaturalist-open-data.s3.amazonaws.com/photos/80678745/medium.jpg,no rights reserved,cc0,2,http://en.wikipedia.org/wiki/Chordate,Animalia,Chordates,Chordata,https://inaturalist-open-data.s3.amazonaws.com/photos/80551845/medium.jpg,keine Rechte vorbehalten,cc0,26036,http://en.wikipedia.org/wiki/Reptile,Reptilia,Reptiles,Reptilia,https://inaturalist-open-data.s3.amazonaws.com/photos/107523624/medium.jpg,"(c) Tyrone Ping, some rights reserved (CC BY-NC)",cc-by-nc,26172,http://en.wikipedia.org/wiki/Squamata,Reptilia,Snakes and Lizards,Squamata,https://static.inaturalist.org/photos/42093156/medium.jpg,"(c) Laurent Hesemans, alle Rechte vorbehalten",,26504,http://en.wikipedia.org/wiki/Colubridae,Reptilia,Colubrid Snakes,Colubridae,https://inaturalist-open-data.s3.amazonaws.com/photos/1813733/medium.jpg,"(c) caesar, some rights reserved (CC BY-NC), uploaded by Dr Caesar Sengupta",cc-by-nc,29768,http://en.wikipedia.org/wiki/Kingsnake,Reptilia,Kingsnakes and Milk Snakes,Lampropeltis,https://inaturalist-open-data.s3.amazonaws.com/photos/17708118/medium.jpg,"(c) Zach Lim, some rights reserved (CC BY-NC)",cc-by-nc,"48460,1,2,355675,26036,26172,85553,26504,797520,29768",29768,California King Snake,Reptilia,Lampropeltis californiae,https://static.inaturalist.org/photos/34882050/medium.jpg,"(c) Prakrit Jain, all rights reserved",,,,,,,,,1|2|26036|26172|26504|29768|146199,Animalia|Chordata|Reptilia|Squamata|Colubridae|Lampropeltis|Lampropeltis californiae,Animals|Chordates|Reptiles|Snakes and Lizards|Colubrid Snakes|Kingsnakes and Milk Snakes|California King Snake
Invertebrates,Park/Natural Area Species,179676,subspecies,179678,http://en.wikipedia.org/wiki/Euphilotes_battoides,Insecta,Square-spotted Blue,Euphilotes battoides,https://inaturalist-open-data.s3.amazonaws.com/photos/19365101/medium.jpg,"(c) Mike Hansen, some rights reserved (CC BY-NC)",cc-by-nc,1,http://en.wikipedia.org/wiki/Animal,Animalia,Animals,Animalia,https://inaturalist-open-data.s3.amazonaws.com/photos/80678745/medium.jpg,no rights reserved,cc0,47120,http://en.wikipedia.org/wiki/Arthropod,Animalia,Arthropods,Arthropoda,https://inaturalist-open-data.s3.amazonaws.com/photos/19061166/medium.jpg,"(c) fiatlux, some rights reserved (CC BY-NC-SA)",cc-by-nc-sa,47158,http://en.wikipedia.org/wiki/Insect,Insecta,Insects,Insecta,https://static.inaturalist.org/photos/3510880/medium.jpg,"(c) José Manuel Carreón Silva, all rights reserved",,47157,http://en.wikipedia.org/wiki/Lepidoptera,Insecta,Butterflies and Moths,Lepidoptera,https://inaturalist-open-data.s3.amazonaws.com/photos/36127/medium.jpg,"(c) Anita, some rights reserved (CC BY-NC)",cc-by-nc,47923,http://en.wikipedia.org/wiki/Lycaenidae,Insecta,Gossamer-winged Butterflies,Lycaenidae,https://inaturalist-open-data.s3.amazonaws.com/photos/10269445/medium.jpg,"(c) portioid, some rights reserved (CC BY-SA)",cc-by-sa,59163,http://en.wikipedia.org/wiki/Euphilotes,Insecta,American Dotted Blues,Euphilotes,https://inaturalist-open-data.s3.amazonaws.com/photos/12820/medium.jpg,"(c) Jerry Oldenettel, some rights reserved (CC BY-NC-SA)",cc-by-nc-sa,"48460,1,47120,372739,47158,184884,47157,47224,47923,58558,125833,522674,59163,179678",179678,El Segundo Blue,Insecta,Euphilotes battoides allyni,https://inaturalist-open-data.s3.amazonaws.com/photos/195538/medium.jpg,"(c) stonebird, some rights reserved (CC BY-NC-SA)",179676,http://en.wikipedia.org/wiki/El_Segundo_blue,Insecta,El Segundo Blue,Euphilotes battoides allyni,https://inaturalist-open-data.s3.amazonaws.com/photos/195538/medium.jpg,"(c) stonebird, some rights reserved (CC BY-NC-SA)",cc-by-nc-sa,1|47120|47158|47157|47923|59163|179678|179676,Animalia|Arthropoda|Insecta|Lepidoptera|Lycaenidae|Euphilotes|Euphilotes battoides|Euphilotes battoides allyni,Animals|Arthropods|Insects|Butterflies and Moths|Gossamer-winged Butterflies|American Dotted Blues|Square-spotted Blue|El Segundo Blue
Invertebrates,Park/Natural Area Species,346970,species,346970,http://en.wikipedia.org/wiki/Callophrys_dumetorum,Insecta,Lotus Hairstreak,Callophrys dumetorum,https://inaturalist-open-data.s3.amazonaws.com/photos/6852203/medium.jpg,"(c) Ken-ichi Ueda, some rights reserved (CC BY)",cc-by,1,http://en.wikipedia.org/wiki/Animal,Animalia,Animals,Animalia,https://inaturalist-open-data.s3.amazonaws.com/photos/80678745/medium.jpg,no rights reserved,cc0,47120,http://en.wikipedia.org/wiki/Arthropod,Animalia,Arthropods,Arthropoda,https://inaturalist-open-data.s3.amazonaws.com/photos/19061166/medium.jpg,"(c) fiatlux, some rights reserved (CC BY-NC-SA)",cc-by-nc-sa,47158,http://en.wikipedia.org/wiki/Insect,Insecta,Insects,Insecta,https://static.inaturalist.org/photos/3510880/medium.jpg,"(c) José Manuel Carreón Silva, all rights reserved",,47157,http://en.wikipedia.org/wiki/Lepidoptera,Insecta,Butterflies and Moths,Lepidoptera,https://inaturalist-open-data.s3.amazonaws.com/photos/36127/medium.jpg,"(c) Anita, some rights reserved (CC BY-NC)",cc-by-nc,47923,http://en.wikipedia.org/wiki/Lycaenidae,Insecta,Gossamer-winged Butterflies,Lycaenidae,https://inaturalist-open-data.s3.amazonaws.com/photos/10269445/medium.jpg,"(c) portioid, some rights reserved (CC BY-SA)",cc-by-sa,58554,http://en.wikipedia.org/wiki/Callophrys,Insecta,Green Hairstreaks,Callophrys,https://inaturalist-open-data.s3.amazonaws.com/photos/97175/medium.jpg,"(c) GBorrásG, some rights reserved (CC BY-NC-ND)",cc-by-nc-nd,"48460,1,47120,372739,47158,184884,47157,47224,47923,125830,125836,522886,58554",58554,Lotus Hairstreak,Insecta,Callophrys dumetorum,https://inaturalist-open-data.s3.amazonaws.com/photos/6852203/medium.jpg,"(c) Ken-ichi Ueda, some rights reserved (CC BY)",,,,,,,,,1|47120|47158|47157|47923|58554|346970,Animalia|Arthropoda|Insecta|Lepidoptera|Lycaenidae|Callophrys|Callophrys dumetorum,Animals|Arthropods|Insects|Butterflies and Moths|Gossamer-winged Butterflies|Green Hairstreaks|Lotus Hairstreak
Reptiles,Park/Natural Area Species,547193,species,547193,http://en.wikipedia.org/wiki/Masticophis_flagellum,Reptilia,Coachwhip,Masticophis flagellum,https://inaturalist-open-data.s3.amazonaws.com/photos/189718/medium.jpg,"(c) dianaterryhibbitts, some rights reserved (CC BY-NC), uploaded by Diana-Terry Hibbitts",cc-by-nc,1,http://en.wikipedia.org/wiki/Animal,Animalia,Animals,Animalia,https://inaturalist-open-data.s3.amazonaws.com/photos/80678745/medium.jpg,no rights reserved,cc0,2,http://en.wikipedia.org/wiki/Chordate,Animalia,Chordates,Chordata,https://inaturalist-open-data.s3.amazonaws.com/photos/80551845/medium.jpg,keine Rechte vorbehalten,cc0,26036,http://en.wikipedia.org/wiki/Reptile,Reptilia,Reptiles,Reptilia,https://inaturalist-open-data.s3.amazonaws.com/photos/107523624/medium.jpg,"(c) Tyrone Ping, some rights reserved (CC BY-NC)",cc-by-nc,26172,http://en.wikipedia.org/wiki/Squamata,Reptilia,Snakes and Lizards,Squamata,https://static.inaturalist.org/photos/42093156/medium.jpg,"(c) Laurent Hesemans, alle Rechte vorbehalten",,26504,http://en.wikipedia.org/wiki/Colubridae,Reptilia,Colubrid Snakes,Colubridae,https://inaturalist-open-data.s3.amazonaws.com/photos/1813733/medium.jpg,"(c) caesar, some rights reserved (CC BY-NC), uploaded by Dr Caesar Sengupta",cc-by-nc,121053,http://en.wikipedia.org/wiki/Masticophis,Reptilia,Whipsnakes,Masticophis,https://inaturalist-open-data.s3.amazonaws.com/photos/20338257/medium.jpg,"(c) johnwilliams, algunos derechos reservados (CC BY-NC)",cc-by-nc,"48460,1,2,355675,26036,26172,85553,26504,797520,121053",121053,Coachwhip,Reptilia,Masticophis flagellum,https://inaturalist-open-data.s3.amazonaws.com/photos/189718/medium.jpg,"(c) dianaterryhibbitts, some rights reserved (CC BY-NC), uploaded by Diana-Terry Hibbitts",,,,,,,,,1|2|26036|26172|26504|121053|547193,Animalia|Chordata|Reptilia|Squamata|Colubridae|Masticophis|Masticophis flagellum,Animals|Chordates|Reptiles|Snakes and Lizards|Colubrid Snakes|Whipsnakes|Coachwhip
Birds,Park/Natural Area Species,558434,species,558434,https://en.wikipedia.org/wiki/Cinnamon_teal,Aves,Cinnamon Teal,Spatula cyanoptera,https://static.inaturalist.org/photos/107367416/medium.jpeg,"(c) Juan Miguel Artigas Azas, todos los derechos reservados",,1,http://en.wikipedia.org/wiki/Animal,Animalia,Animals,Animalia,https://inaturalist-open-data.s3.amazonaws.com/photos/80678745/medium.jpg,no rights reserved,cc0,2,http://en.wikipedia.org/wiki/Chordate,Animalia,Chordates,Chordata,https://inaturalist-open-data.s3.amazonaws.com/photos/80551845/medium.jpg,keine Rechte vorbehalten,cc0,3,http://en.wikipedia.org/wiki/Bird,Aves,Birds,Aves,https://inaturalist-open-data.s3.amazonaws.com/photos/222/medium.jpg,"(c) Kenny P., some rights reserved (CC BY-NC)",cc-by-nc,6888,http://en.wikipedia.org/wiki/Anseriformes,Aves,Waterfowl,Anseriformes,https://inaturalist-open-data.s3.amazonaws.com/photos/13132516/medium.jpg,"(c) Francis C. Franklin, algunos derechos reservados (CC BY-SA)",cc-by-sa,6912,http://en.wikipedia.org/wiki/Anatidae,Aves,"Ducks, Geese, and Swans",Anatidae,https://inaturalist-open-data.s3.amazonaws.com/photos/13366520/medium.jpg,"(c) Jason Headley, some rights reserved (CC BY-NC)",cc-by-nc,558404,http://en.wikipedia.org/wiki/Spatula_(genus),Aves,Shovelers and Allies,Spatula,https://static.inaturalist.org/photos/58741405/medium.jpg,"(c) Mason Maron, all rights reserved",,"48460,1,2,355675,3,6888,6912,558404",558404,Cinnamon Teal,Aves,Spatula cyanoptera,https://static.inaturalist.org/photos/107367416/medium.jpeg,"(c) Juan Miguel Artigas Azas, todos los derechos reservados",,,,,,,,,1|2|3|6888|6912|558404|558434,Animalia|Chordata|Aves|Anseriformes|Anatidae|Spatula|Spatula cyanoptera,"Animals|Chordates|Birds|Waterfowl|Ducks, Geese, and Swans|Shovelers and Allies|Cinnamon Teal"
Birds,Park/Natural Area Species,558446,species,558446,http://en.wikipedia.org/wiki/Northern_harrier,Aves,Northern Harrier,Circus hudsonius,https://static.inaturalist.org/photos/2832203/medium.jpg,"(c) Henry (Hank) Fabian, all rights reserved",,1,http://en.wikipedia.org/wiki/Animal,Animalia,Animals,Animalia,https://inaturalist-open-data.s3.amazonaws.com/photos/80678745/medium.jpg,no rights reserved,cc0,2,http://en.wikipedia.org/wiki/Chordate,Animalia,Chordates,Chordata,https://inaturalist-open-data.s3.amazonaws.com/photos/80551845/medium.jpg,keine Rechte vorbehalten,cc0,3,http://en.wikipedia.org/wiki/Bird,Aves,Birds,Aves,https://inaturalist-open-data.s3.amazonaws.com/photos/222/medium.jpg,"(c) Kenny P., some rights reserved (CC BY-NC)",cc-by-nc,71261,http://en.wikipedia.org/wiki/Accipitriformes,Aves,"Hawks, Eagles, Kites, and Allies",Accipitriformes,https://inaturalist-open-data.s3.amazonaws.com/photos/9972001/medium.jpg,"(c) Jacob Spinks, some rights reserved (CC BY)",cc-by,5067,http://en.wikipedia.org/wiki/Accipitridae,Aves,"Hawks, Eagles, and Kites",Accipitridae,https://inaturalist-open-data.s3.amazonaws.com/photos/12120585/medium.jpg,"(c) kjohnston406, some rights reserved (CC BY-NC)",cc-by-nc,5163,http://en.wikipedia.org/wiki/Harrier_(bird),Aves,Harriers,Circus,https://inaturalist-open-data.s3.amazonaws.com/photos/12275327/medium.jpg,"(c) emjtca, some rights reserved (CC BY-NC-ND)",cc-by-nc-nd,"48460,1,2,355675,3,71261,5067,5163",5163,Northern Harrier,Aves,Circus hudsonius,https://static.inaturalist.org/photos/2832203/medium.jpg,"(c) Henry (Hank) Fabian, all rights reserved",,,,,,,,,1|2|3|71261|5067|5163|558446,Animalia|Chordata|Aves|Accipitriformes|Accipitridae|Circus|Circus hudsonius,"Animals|Chordates|Birds|Hawks, Eagles, Kites, and Allies|Hawks, Eagles, and Kites|Harriers|Northern Harrier"
